{"mean": [0.4417628049850464, 0.4349386394023895, 0.4021424353122711], "std_dev": [0.2630828022956848, 0.25927087664604187, 0.2730974853038788]}